{
    "class_labels": [
        "O",
        "B-PER",
        "I-PER",
        "B-ORG",
        "I-ORG",
        "B-LOC",
        "I-LOC",
        "B-MISC",
        "I-MISC"
    ],
    "classwise_f1_score": [
        0.9435483870967744,
        0.8148148148148148,
        0.7999999999999999,
        0.625,
        0.42857142857142855,
        0.31578947368421056,
        0.2,
        0.0,
        0.0
    ],
    "macro_f1_score": 0.45863601157413647,
    "recall": 0.41634387269980494,
    "precision": 0.6317460317460317
}