{
    "class_labels": [
        "O",
        "B-PER",
        "I-PER",
        "B-ORG",
        "I-ORG",
        "B-LOC",
        "I-LOC"
    ],
    "classwise_f1_score": [
        0.9892231627328928,
        0.9640262814694017,
        0.9642838830238772,
        0.9411451328361077,
        0.9496380269559347,
        0.9556336473983533,
        0.9057173958959529
    ],
    "macro_f1_score": 0.9528096471875028,
    "recall": 0.9434294550852584,
    "precision": 0.940665824025164
}