{"chatgpt_bleu_scores": {"english_to_marathi": 0.40269466961916955, "marathi_to_english": 0.5740242540534669, "hindi_to_marathi": 0.41667575707339183, "marathi_to_hindi": 0.4779575870696223}, "chatgpt_rough_scores": {"english_to_marathi": {"rouge_1_score": 0.2350136014863408, "rouge_2_score": 0.055611550796473466, "rouge_L_score": 0.21687840049860269}, "marathi_to_english": {"rouge_1_score": 0.5051004290518939, "rouge_2_score": 0.2614893352829392, "rouge_L_score": 0.463672019146262}, "hindi_to_marathi": {"rouge_1_score": 0.23415462661113395, "rouge_2_score": 0.044204121904987896, "rouge_L_score": 0.2090676085317885}, "marathi_to_hindi": {"rouge_1_score": 0.41375937362132065, "rouge_2_score": 0.18144257333783878, "rouge_L_score": 0.3739243498525802}}}