{"indicTrans_bleu_scores": {"english_to_marathi": 0.5769371555161382, "marathi_to_english": 0.6328086822526691, "hindi_to_marathi": 0.5647200934122635, "marathi_to_hindi": 0.576661062943658}, "indicTrans_rough_scores": {"english_to_marathi": {"rouge_1_score": 0.47813130550373456, "rouge_2_score": 0.22648446830177682, "rouge_L_score": 0.45078793542969253}, "marathi_to_english": {"rouge_1_score": 0.6042580103571887, "rouge_2_score": 0.35540993002009713, "rouge_L_score": 0.5681003027304502}, "hindi_to_marathi": {"rouge_1_score": 0.4588458806370799, "rouge_2_score": 0.21372247161904093, "rouge_L_score": 0.4329109563489027}, "marathi_to_hindi": {"rouge_1_score": 0.533477388472777, "rouge_2_score": 0.2900066785699815, "rouge_L_score": 0.4931812951132034}}}