{"NLLB_Bleu_scores": {"english_to_marathi": 0.5335583164262447, "marathi_to_english": 0.594567484676005, "hindi_to_marathi": 0.551047276200799, "marathi_to_hindi": 0.572869802765165}, "NLLB_rough_scores": {"english_to_marathi": {"rouge_1_score": 0.43169920183462335, "rouge_2_score": 0.18892563980629434, "rouge_L_score": 0.4075101502385872}, "marathi_to_english": {"rouge_1_score": 0.5676544691467368, "rouge_2_score": 0.3063370363329554, "rouge_L_score": 0.5312188059160582}, "hindi_to_marathi": {"rouge_1_score": 0.4495832064500809, "rouge_2_score": 0.20506214060500175, "rouge_L_score": 0.4205847370982619}, "marathi_to_hindi": {"rouge_1_score": 0.529671869879454, "rouge_2_score": 0.28502955383428435, "rouge_L_score": 0.48976134743956723}}}