{
    "class_labels": [
        "O",
        "B-PER",
        "I-PER",
        "B-ORG",
        "I-ORG",
        "B-LOC",
        "I-LOC",
        "B-MISC",
        "I-MISC"
    ],
    "classwise_f1_score": [
        0.9472182596291013,
        0.7142857142857142,
        0.9333333333333333,
        0.6,
        0.42857142857142855,
        0.6428571428571429,
        0.2222222222222222,
        0.0,
        0.0
    ],
    "macro_f1_score": 0.4987209000998825,
    "recall": 0.4771845675691829,
    "precision": 0.868360175178357
}