{
    "class_labels": [
        "O",
        "B-PER",
        "I-PER",
        "B-ORG",
        "I-ORG",
        "B-LOC",
        "I-LOC"
    ],
    "classwise_f1_score": [
        0.9686426522788432,
        0.8921617171929739,
        0.8951185252990751,
        0.8329033663270492,
        0.8061137466019935,
        0.878320986592407,
        0.7152514365118113
    ],
    "macro_f1_score": 0.8555017758291648,
    "recall": 0.8509329698922067,
    "precision": 0.83821896106876
}