{
    "class_labels": [
        "O",
        "B-PER",
        "I-PER",
        "B-ORG",
        "I-ORG",
        "B-LOC",
        "I-LOC",
        "B-MISC",
        "I-MISC"
    ],
    "classwise_f1_score": [
        0.9644970414201184,
        0.7500000000000001,
        0.9090909090909091,
        0.6666666666666667,
        0.5714285714285715,
        0.7692307692307693,
        0.0,
        0.0,
        0.0
    ],
    "macro_f1_score": 0.5145459953152262,
    "recall": 0.5044344487769564,
    "precision": 0.8958113943787297
}